笔记ID,笔记标题,正文内容,点赞数,收藏数,评论数,综合热度值,链接
67985f1a000000001902cedc,来上海啦！贝聿铭回顾展即将呈现！,,2309,0,0,2309,https://www.xiaohongshu.com/explore/67985f1a000000001902cedc
68358d9e0000000003038217,一张Live图推荐你贝聿铭展览的看展动线,,2106,0,0,2106,https://www.xiaohongshu.com/explore/68358d9e0000000003038217
67f7cf11000000000b017908,久等了！这个展将带你全面回顾贝聿铭！,,2033,0,0,2033,https://www.xiaohongshu.com/explore/67f7cf11000000000b017908
6877976200000000120304f3,想告诉大家一个事实,,1516,0,0,1516,https://www.xiaohongshu.com/explore/6877976200000000120304f3
6912c6f20000000003020252,这才是第15届上双的正确打开方式👀,,1402,0,0,1402,https://www.xiaohongshu.com/explore/6912c6f20000000003020252
671f3986000000001600deb8,免费‼尹秀珍全新个展为何不容错过⁉,,1399,0,0,1399,https://www.xiaohongshu.com/explore/671f3986000000001600deb8
675c15fa000000000202555d,她记录下了1080个人呼吸的形状,,1336,0,0,1336,https://www.xiaohongshu.com/explore/675c15fa000000000202555d
68ad8626000000001d01acf5,2025年普利兹克建筑奖得主刘家琨谈西扎,,1019,0,0,1019,https://www.xiaohongshu.com/explore/68ad8626000000001d01acf5
6925bd6c000000001b0228c9,重磅宣布,,1018,0,0,1018,https://www.xiaohongshu.com/explore/6925bd6c000000001b0228c9
6909e114000000000301b95a,第15届上海双年展城市项目公布！,,963,0,0,963,https://www.xiaohongshu.com/explore/6909e114000000000301b95a
667ed2c6000000001d0184b0,重磅！这位法国重要女性艺术家中国首展来了,,950,0,0,950,https://www.xiaohongshu.com/explore/667ed2c6000000001d0184b0
66eab5810000000025030e4d,推荐6位改变了当代艺术的女性,,900,0,0,900,https://www.xiaohongshu.com/explore/66eab5810000000025030e4d
67921a01000000001701db56,“我会死的”｜PSA中国当代艺术馆藏,,674,0,0,674,https://www.xiaohongshu.com/explore/67921a01000000001701db56
6810ab9a000000001201f562,提前至10点开馆！假期看贝聿铭展览攻略,,618,0,0,618,https://www.xiaohongshu.com/explore/6810ab9a000000001201f562
68aed8cd000000001d025c6e,2012年普利兹克建筑奖得主王澍谈西扎,,579,0,0,579,https://www.xiaohongshu.com/explore/68aed8cd000000001d025c6e
660bd7a2000000001b00da93,上海当代艺术博物馆“馆培生”计划启动招募！,,563,0,0,563,https://www.xiaohongshu.com/explore/660bd7a2000000001b00da93
66e5559a0000000027005edb,她想告诉所有女性：面对你的身体,,551,0,0,551,https://www.xiaohongshu.com/explore/66e5559a0000000027005edb
66bb2a5500000000050304d8,她用传统意义上“属于女性的东西”开启创作,,546,0,0,546,https://www.xiaohongshu.com/explore/66bb2a5500000000050304d8
682c527a000000000303b569,贝聿铭如何拿下肯尼迪图书馆？妻子功不可没,,465,0,0,465,https://www.xiaohongshu.com/explore/682c527a000000000303b569
695ceb910000000022022d46,招聘：图书管理员（2名）,,448,0,0,448,https://www.xiaohongshu.com/explore/695ceb910000000022022d46
68386a300000000012003828,终于到来！阿尔瓦罗•西扎全面回顾大展即将🔛,,412,0,0,412,https://www.xiaohongshu.com/explore/68386a300000000012003828
680b4b74000000000b02e5bd,“贝聿铭：人生如建筑”上海站精彩抢先看！,,397,0,0,397,https://www.xiaohongshu.com/explore/680b4b74000000000b02e5bd
686bd79b00000000120338e4,让世界动容的259件素人之作落地PSA,,369,0,0,369,https://www.xiaohongshu.com/explore/686bd79b00000000120338e4
6878d00600000000120212f8,贝礼中谈父亲贝聿铭,,368,0,0,368,https://www.xiaohongshu.com/explore/6878d00600000000120212f8
674d78a8000000000201a005,巫鸿X尹秀珍：这是一场等了20年的展览,,356,0,0,356,https://www.xiaohongshu.com/explore/674d78a8000000000201a005
674711b50000000006016b2d,《好东西》里天桥相拥名场面竟是在这拍的❗️,,352,0,0,352,https://www.xiaohongshu.com/explore/674711b50000000006016b2d
67986064000000001800cd62,重磅！你将直面建筑大师西扎惊人的创造力,,336,0,0,336,https://www.xiaohongshu.com/explore/67986064000000001800cd62
67372e24000000001a0353a3,推荐你用六根之法来感受尹秀珍这个展,,331,0,0,331,https://www.xiaohongshu.com/explore/67372e24000000001a0353a3
680b40c9000000000f03957c,倒计时1天！你是否好奇贝聿铭是哪里人？,,326,0,0,326,https://www.xiaohongshu.com/explore/680b40c9000000000f03957c
68b814e1000000001d020c67,虚位以待！热爱图书馆的你看过来！,,324,0,0,324,https://www.xiaohongshu.com/explore/68b814e1000000001d020c67
67d4057f000000000b014a19,这个春天，山谷见！,,312,0,0,312,https://www.xiaohongshu.com/explore/67d4057f000000000b014a19
69172a9c0000000019025476,第15届上海双年展形象片正式上线！,,280,0,0,280,https://www.xiaohongshu.com/explore/69172a9c0000000019025476
6888d8e20000000002002928,她用疼痛的笔触，进行生命救赎,,271,0,0,271,https://www.xiaohongshu.com/explore/6888d8e20000000002002928
685d1c350000000017030cdb,策展人及展陈设计师带你看贝聿铭展！,,270,0,0,270,https://www.xiaohongshu.com/explore/685d1c350000000017030cdb
6891d0970000000004001405,徐冰：为贝聿铭办展，是极具挑战的事,,270,0,0,270,https://www.xiaohongshu.com/explore/6891d0970000000004001405
66c700cd000000001f01468a,为重新夺回女性身份认同，她画了数不清的……,,262,0,0,262,https://www.xiaohongshu.com/explore/66c700cd000000001f01468a
6890a1a2000000000403d19e,5位建筑师齐聚，为你解读贝聿铭！,,261,0,0,261,https://www.xiaohongshu.com/explore/6890a1a2000000000403d19e
672b048e000000001d03b29c,第15届上海双年展正式公布！,,258,0,0,258,https://www.xiaohongshu.com/explore/672b048e000000001d03b29c
697219a7000000002203b61d,📖等等！来自建筑师柳亦春的书单（上）,,256,0,0,256,https://www.xiaohongshu.com/explore/697219a7000000002203b61d
6881f7f50000000012033e24,限时惊喜！看三展只用两展的价格！,,252,0,0,252,https://www.xiaohongshu.com/explore/6881f7f50000000012033e24
684030d40000000003038f9d,听完西扎的自述，建筑人潸然泪下,,250,0,0,250,https://www.xiaohongshu.com/explore/684030d40000000003038f9d
66723c1f000000001d01aff9,《时尚宣言｜嘉柏丽尔·香奈儿》重磅登陆PSA!,,245,0,0,245,https://www.xiaohongshu.com/explore/66723c1f000000001d01aff9
67cfd165000000000903a37b,第十五届上海双年展主要工作团队正式公布❗️,,242,0,0,242,https://www.xiaohongshu.com/explore/67cfd165000000000903a37b
66d1ab55000000001f03b359,展览快结束了，想把现场一些东西送给大家,,238,0,0,238,https://www.xiaohongshu.com/explore/66d1ab55000000001f03b359
69008a68000000000301d18f,艺术家与策展人为你讲述这场展览背后的故事,,233,0,0,233,https://www.xiaohongshu.com/explore/69008a68000000000301d18f
68f33e2e0000000003010f1d,第15届上海双年展招募实习生啦🐝,,229,0,0,229,https://www.xiaohongshu.com/explore/68f33e2e0000000003010f1d
687626ff000000001202d2ab,魔都看展新物种——颠覆性的意识流“剧场”,,225,0,0,225,https://www.xiaohongshu.com/explore/687626ff000000001202d2ab
67dbd921000000000b014cbe,如果那年你错过“树，树”，今春别再错过它❗️,,221,0,0,221,https://www.xiaohongshu.com/explore/67dbd921000000000b014cbe
68d2ae1a000000001301fc6e,Solo一下，“青策计划2025”邀你策个展！,,220,0,0,220,https://www.xiaohongshu.com/explore/68d2ae1a000000001301fc6e
673b14e1000000000202a2ee,（内含🎁）闭展前回顾香奈儿5号的创举,,201,0,0,201,https://www.xiaohongshu.com/explore/673b14e1000000000202a2ee
68fb61a0000000000302f2f5,这场艺术盛宴，即将重磅登场！,,198,0,0,198,https://www.xiaohongshu.com/explore/68fb61a0000000000302f2f5
69298995000000000d03fefd,在当代艺术图书馆里看展，是什么体验？,,196,0,0,196,https://www.xiaohongshu.com/explore/69298995000000000d03fefd
668faf82000000000a025ae0,《时尚宣言｜嘉柏丽尔·香奈儿》精彩抢先看！,,196,0,0,196,https://www.xiaohongshu.com/explore/668faf82000000000a025ae0
69c24261000000002102c8ef,🐝第十五届上双闭幕圆桌，邀你共同在场！,,192,0,0,192,https://www.xiaohongshu.com/explore/69c24261000000002102c8ef
68cb938d0000000013035e3f,免费！林天苗大型个展终于来上海了！,,192,0,0,192,https://www.xiaohongshu.com/explore/68cb938d0000000013035e3f
68063c60000000000d015363,5天后！开幕前一起“预习”贝聿铭！,,185,0,0,185,https://www.xiaohongshu.com/explore/68063c60000000000d015363
68bac525000000001d038293,刘家琨这样分析西扎的建筑,,181,0,0,181,https://www.xiaohongshu.com/explore/68bac525000000001d038293
68495086000000001101e420,为你介绍一条贝聿铭的“上海足迹”路线,,171,0,0,171,https://www.xiaohongshu.com/explore/68495086000000001101e420
6889d13e0000000005007575,欲约从速｜贝聿铭展览重磅闭幕讲座,,168,0,0,168,https://www.xiaohongshu.com/explore/6889d13e0000000005007575
662c6908000000000d03111c,这是来自崇明岛的民间传统手工艺？！,,168,0,0,168,https://www.xiaohongshu.com/explore/662c6908000000000d03111c
685bdadd0000000013011c6f,这位建筑大师迎来了他的92岁生日！,,165,0,0,165,https://www.xiaohongshu.com/explore/685bdadd0000000013011c6f
6894875e000000000302485b,谢谢你们为贝聿铭发光✨,,164,0,0,164,https://www.xiaohongshu.com/explore/6894875e000000000302485b
688b35b30000000003032b46,不慎坠崖之后，她化身为“剪花娘子”,,153,0,0,153,https://www.xiaohongshu.com/explore/688b35b30000000003032b46
67332f08000000003c01f26a,（内含🎁）带你了解“水手领罩衫”背后的故事,,149,0,0,149,https://www.xiaohongshu.com/explore/67332f08000000003c01f26a
6729e290000000001d038f2c,尹秀珍、巫鸿亲自为你导赏“刺天”！,,143,0,0,143,https://www.xiaohongshu.com/explore/6729e290000000001d038f2c
69ef6f2a000000003601fbbb,免费❗️🔥全球终站TECHNO WORLDS上海已开❗️,,141,0,0,141,https://www.xiaohongshu.com/explore/69ef6f2a000000003601fbbb
6735de44000000003c01cbd5,（内含🎁）带你了解“小黑裙”的秘密,,139,0,0,139,https://www.xiaohongshu.com/explore/6735de44000000003c01cbd5
682ef725000000000303d309,建筑师柳亦春：贝聿铭将几何作为结构语言,,134,0,0,134,https://www.xiaohongshu.com/explore/682ef725000000000303d309
66ff6a62000000002a031361,12周年，坦白局,,134,0,0,134,https://www.xiaohongshu.com/explore/66ff6a62000000002a031361
6855563000000000120218b2,导师只是让他改造水池，谁知他改成著名泳池,,132,0,0,132,https://www.xiaohongshu.com/explore/6855563000000000120218b2
68525dec0000000013011eb7,重要通知：贝聿铭展览延期❗️,,132,0,0,132,https://www.xiaohongshu.com/explore/68525dec0000000013011eb7
69735781000000002202c668,📖等等！来自建筑师柳亦春的书单（下）,,130,0,0,130,https://www.xiaohongshu.com/explore/69735781000000002202c668
68513ed900000000120029cf,原来大师选择学建筑的理由这么简单,,128,0,0,128,https://www.xiaohongshu.com/explore/68513ed900000000120029cf
68ba7630000000001d02ba8f,看完西扎展览，张永和想对喜欢建筑的人说……,,114,0,0,114,https://www.xiaohongshu.com/explore/68ba7630000000001d02ba8f
69148548000000001b026fbb,当我们在安福路聊起上海双年展👂,,110,0,0,110,https://www.xiaohongshu.com/explore/69148548000000001b026fbb
695264bf000000002200ac49,他用手语，完成了一次上双导览,,110,0,0,110,https://www.xiaohongshu.com/explore/695264bf000000002200ac49
694a891b000000001b023101,有哪位朋友知道🙋,,108,0,0,108,https://www.xiaohongshu.com/explore/694a891b000000001b023101
68d6903f000000001301a6cb,13岁的PSA，想为你来一次免费“蜂”狂🐝,,108,0,0,108,https://www.xiaohongshu.com/explore/68d6903f000000001301a6cb
6838397f000000001101cc54,让徐冰与贝礼中为你揭开贝聿铭更多故事！,,104,0,0,104,https://www.xiaohongshu.com/explore/6838397f000000001101cc54
68020d39000000000b02de2c,开展倒计时8天！开幕圆桌现已开放预约！,,102,0,0,102,https://www.xiaohongshu.com/explore/68020d39000000000b02de2c
6908875d000000000301ccfb,第15届上海双年展开展倒计时5天！,,101,0,0,101,https://www.xiaohongshu.com/explore/6908875d000000000301ccfb
67517ddf0000000006015ea4,这才是大型装置作品“刺天”的正确打开方式,,100,0,0,100,https://www.xiaohongshu.com/explore/67517ddf0000000006015ea4
68e8e6b0000000000302c0b4,艺术最终会去认领那些未被看见的灵魂,,100,0,0,100,https://www.xiaohongshu.com/explore/68e8e6b0000000000302c0b4
677b474a000000000100b0ae,走向剧场🎭“新文化制作人”第三季招募启动！,,100,0,0,100,https://www.xiaohongshu.com/explore/677b474a000000000100b0ae
68cd32be0000000013012daa,大数据，可否把这个展告诉更多人📣,,100,0,0,100,https://www.xiaohongshu.com/explore/68cd32be0000000013012daa
69984ce3000000001b015a13,⏳上双告别倒计时40天❗️✨花儿听到蜜蜂了吗❓,,98,0,0,98,https://www.xiaohongshu.com/explore/69984ce3000000001b015a13
66f6a146000000002c02b467,PSA 12岁生日！为你来一次彻底的免费,,98,0,0,98,https://www.xiaohongshu.com/explore/66f6a146000000002c02b467
68d14ee70000000013028f3d,预约从速！相约林天苗个展开幕对谈！,,98,0,0,98,https://www.xiaohongshu.com/explore/68d14ee70000000013028f3d
68397f7e000000001101d2ab,端午10点开馆！贝聿铭展导览加场！,,96,0,0,96,https://www.xiaohongshu.com/explore/68397f7e000000001101d2ab
66d6f312000000001f03ba73,“刺天”！著名女性艺术家尹秀珍个展重磅来袭,,96,0,0,96,https://www.xiaohongshu.com/explore/66d6f312000000001f03ba73
6659afb0000000001303eed7,巴西国宝级设计工作室亚洲首展，要来啦‼️,,95,0,0,95,https://www.xiaohongshu.com/explore/6659afb0000000001303eed7
679862240000000018006ea2,这个展将首次在中国系统展现原生艺术的样貌,,95,0,0,95,https://www.xiaohongshu.com/explore/679862240000000018006ea2
68cd2782000000001301219d,看了这个展后感觉被治愈？原因找到了!,,94,0,0,94,https://www.xiaohongshu.com/explore/68cd2782000000001301219d
690b25ff000000000302feaa,第15届上海双年展开幕活动指南一览👀,,94,0,0,94,https://www.xiaohongshu.com/explore/690b25ff000000000302feaa
68d917b4000000001301bad1,欢迎进入林天苗“没什么好玩的！”世界🧶,,93,0,0,93,https://www.xiaohongshu.com/explore/68d917b4000000001301bad1
69e0bb9c000000001a02832c,🩵PSA春日新作 把老城厢的春天变成艺术现场,,93,0,0,93,https://www.xiaohongshu.com/explore/69e0bb9c000000001a02832c
661fa077000000001c00ac71,《时尚宣言｜嘉柏丽尔·香奈儿》展招募导览员！,,93,0,0,93,https://www.xiaohongshu.com/explore/661fa077000000001c00ac71
68996b180000000005005be1,人潮人海中，你我在贝聿铭展览相遇,,92,0,0,92,https://www.xiaohongshu.com/explore/68996b180000000005005be1
691f16af000000000d037d90,谁才是“雕塑家”？人类还是河狸？,,90,0,0,90,https://www.xiaohongshu.com/explore/691f16af000000000d037d90
661e709d000000001c00b269,上海新展｜“天天问”好玩在哪里?,,89,0,0,89,https://www.xiaohongshu.com/explore/661e709d000000001c00b269
696a0bf00000000022030b4b,《尘》：那些生命中无法承受之 “轻”,,88,0,0,88,https://www.xiaohongshu.com/explore/696a0bf00000000022030b4b
67b45ee1000000000603e4dd,导览员招募｜一起为艺术与建筑“引路”,,87,0,0,87,https://www.xiaohongshu.com/explore/67b45ee1000000000603e4dd
680a0485000000001201c6c0,就在2天后！我们埋下一颗关于贝聿铭的“彩蛋”,,84,0,0,84,https://www.xiaohongshu.com/explore/680a0485000000001201c6c0
672e33f7000000001d03b2d3,我们把馆藏作品，展在了陆家嘴地铁站🚇,,84,0,0,84,https://www.xiaohongshu.com/explore/672e33f7000000001d03b2d3
690cb18e0000000003035051,一则生态感官预言｜第15届上双开展倒计时2天,,83,0,0,83,https://www.xiaohongshu.com/explore/690cb18e0000000003035051
669e6d47000000000a026d3e,👆展览“杂念”的观展必看线索,,81,0,0,81,https://www.xiaohongshu.com/explore/669e6d47000000000a026d3e
68de9b26000000000302101e,这个超级炸裂月亮有“亿”点人在围观👀,,81,0,0,81,https://www.xiaohongshu.com/explore/68de9b26000000000302101e
68ba7531000000001d01e327,在张永和心目中，西扎是这样的建筑师,,80,0,0,80,https://www.xiaohongshu.com/explore/68ba7531000000001d01e327
67ea67be0000000007037345,“从山谷中来”，到山谷中去～,,79,0,0,79,https://www.xiaohongshu.com/explore/67ea67be0000000007037345
6847f4f6000000000303d28f,惊了！贝聿铭与西扎真的有过直接工作交集,,78,0,0,78,https://www.xiaohongshu.com/explore/6847f4f6000000000303d28f
681e1bf0000000000303e880,揭秘！贝聿铭的母亲竟对他影响如此深,,77,0,0,77,https://www.xiaohongshu.com/explore/681e1bf0000000000303e880
681caf6d0000000012007245,嘴严不了一点😭看贝聿铭展千万别错过这个,,75,0,0,75,https://www.xiaohongshu.com/explore/681caf6d0000000012007245
67d93e90000000000901695b,绿色可以是一把“海葵椅”,,74,0,0,74,https://www.xiaohongshu.com/explore/67d93e90000000000901695b
6841920a000000000303a6e4,一份关于西扎的全面档案，正式为你揭开📃,,73,0,0,73,https://www.xiaohongshu.com/explore/6841920a000000000303a6e4
68b97cd8000000001d03914d,如果用一句话概括西扎，他们会说什么？,,73,0,0,73,https://www.xiaohongshu.com/explore/68b97cd8000000001d03914d
6881a60c000000001202c5d3,回顾｜那天上海这个8小时集体剧目有多精彩,,73,0,0,73,https://www.xiaohongshu.com/explore/6881a60c000000001202c5d3
6992b58b00000000150300b8,🌹新春快乐！中意孩子们用歌声献上新春祝福～,,72,0,0,72,https://www.xiaohongshu.com/explore/6992b58b00000000150300b8
6788af86000000001601b757,（内含🎁）选择你的🐍吉祥物，点亮新年好运,,71,0,0,71,https://www.xiaohongshu.com/explore/6788af86000000001601b757
685a7ee50000000012030684,如果用佩索阿的诗来形容西扎的建筑,,70,0,0,70,https://www.xiaohongshu.com/explore/685a7ee50000000012030684
684a968c00000000030397f2,加名额！徐冰对话贝礼中畅谈贝聿铭！,,68,0,0,68,https://www.xiaohongshu.com/explore/684a968c00000000030397f2
683dcd39000000000f031320,建筑师丁沃沃：贝聿铭善于以简化繁,,67,0,0,67,https://www.xiaohongshu.com/explore/683dcd39000000000f031320
68c2d99b000000001d01a381,这是一场关于艺术的“思想萌芽”展览,,65,0,0,65,https://www.xiaohongshu.com/explore/68c2d99b000000001d01a381
67ebbcaa000000000e00519c,关于上海当代艺术博物馆展览导览员相关事宜的声明,,65,0,0,65,https://www.xiaohongshu.com/explore/67ebbcaa000000000e00519c
66a231a7000000000a024183,塑料再生工作坊：旧袋新生,,65,0,0,65,https://www.xiaohongshu.com/explore/66a231a7000000000a024183
69a96f55000000001502055a,🕒他让 43 种时间在同一个空间共存,,64,0,0,64,https://www.xiaohongshu.com/explore/69a96f55000000001502055a
666ad7c6000000001c0346b3,“青策计划2024”展览即将免费开放！,,64,0,0,64,https://www.xiaohongshu.com/explore/666ad7c6000000001c0346b3
693aa74d000000000d03c50a,他用作品揭开一段关于西方植物猎人的历史,,64,0,0,64,https://www.xiaohongshu.com/explore/693aa74d000000000d03c50a
68da7fad000000001301d1fc,全免费！10月1号“电场12小时”游玩指南🧐,,64,0,0,64,https://www.xiaohongshu.com/explore/68da7fad000000001301d1fc
68ac42ca000000001d01b7f1,亚洲首次亮相！《最初的西扎》来了！,,63,0,0,63,https://www.xiaohongshu.com/explore/68ac42ca000000001d01b7f1
6871016c0000000017036554,一起走进原生艺术的狂想世界！,,63,0,0,63,https://www.xiaohongshu.com/explore/6871016c0000000017036554
69300bc2000000001b033c32,跟随艺术家调动感官，嗅一嗅温热甜馥的气息～,,63,0,0,63,https://www.xiaohongshu.com/explore/69300bc2000000001b033c32
66f13fa3000000002a030a9e,她是个怎样的艺术家？看完揭晓,,63,0,0,63,https://www.xiaohongshu.com/explore/66f13fa3000000002a030a9e
66dac8350000000027006451,“我至少结了200次婚”,,61,0,0,61,https://www.xiaohongshu.com/explore/66dac8350000000027006451
68df538a0000000003035fa3,藏在世纪公园的“月光桂花酿”🌕,,61,0,0,61,https://www.xiaohongshu.com/explore/68df538a0000000003035fa3
6695186900000000030264c3,Tilda Swinton和周迅，陪伴您看展!,,61,0,0,61,https://www.xiaohongshu.com/explore/6695186900000000030264c3
678e239b000000001800ee9c,免费双展！一睹多位著名艺术家精彩之作！,,60,0,0,60,https://www.xiaohongshu.com/explore/678e239b000000001800ee9c
67178499000000001600eeb5,作为建筑设计师，她如何理解香奈儿的设计？,,60,0,0,60,https://www.xiaohongshu.com/explore/67178499000000001600eeb5
67b7088d000000001203d1c5,“青策计划2024”大奖获选策展人公布！,,59,0,0,59,https://www.xiaohongshu.com/explore/67b7088d000000001203d1c5
6671692c000000001d016aed,艺术家和策展人亲自为你导览“无常”,,58,0,0,58,https://www.xiaohongshu.com/explore/6671692c000000001d016aed
67ab2b5f0000000018010c78,《大时代》｜PSA中国当代艺术馆藏,,58,0,0,58,https://www.xiaohongshu.com/explore/67ab2b5f0000000018010c78
698da45a000000001b015c69,🍎青策计划2025: LiHi·美丽新脑 预告（下）,,58,0,0,58,https://www.xiaohongshu.com/explore/698da45a000000001b015c69
668bb8bf0000000005005601,讲座｜探索嘉柏丽尔·香奈儿的思想与浪漫,,58,0,0,58,https://www.xiaohongshu.com/explore/668bb8bf0000000005005601
6765464b000000000900dcd4,这100双鞋，为什么会“走”进美术馆？,,57,0,0,57,https://www.xiaohongshu.com/explore/6765464b000000000900dcd4
69848eac000000002103caa9,🐴借马一用，开个好头‼️限时美发体验来咯❗️,,57,0,0,57,https://www.xiaohongshu.com/explore/69848eac000000002103caa9
689f01d6000000001d021f9e,他在烟纸盒上的作画方式，震惊世人,,57,0,0,57,https://www.xiaohongshu.com/explore/689f01d6000000001d021f9e
68a5a03a000000001d035342,如果“广式双马尾”以这种方式跟你见面呢？,,57,0,0,57,https://www.xiaohongshu.com/explore/68a5a03a000000001d035342
66869c2c0000000003024768,“寻找视线 free to go”工作坊招募,,56,0,0,56,https://www.xiaohongshu.com/explore/66869c2c0000000003024768
687e34b6000000001203284b,错过上海，想看贝聿铭展得去多哈啦,,55,0,0,55,https://www.xiaohongshu.com/explore/687e34b6000000001203284b
68501d87000000001200547b,江浙沪一起进步！贝聿铭与西扎江浙沪项目🧐,,55,0,0,55,https://www.xiaohongshu.com/explore/68501d87000000001200547b
665d6fef0000000015008c74,一对巴西亲兄弟，共同成为举世瞩目的设计师,,55,0,0,55,https://www.xiaohongshu.com/explore/665d6fef0000000015008c74
69b1604b000000001b01528e,🐝是谁把上双导览册和蜂蜜遗忘在这里啦❓,,55,0,0,55,https://www.xiaohongshu.com/explore/69b1604b000000001b01528e
694bca150000000019025e3c,揭秘：第15届上双观众呼声前6作品👀,,54,0,0,54,https://www.xiaohongshu.com/explore/694bca150000000019025e3c
66e0029e0000000027001fce,欢迎光临“老铁设计公司”！,,54,0,0,54,https://www.xiaohongshu.com/explore/66e0029e0000000027001fce
6677e7dc000000001d019a2b,拉开！有戏！青策2024已免费开放！,,53,0,0,53,https://www.xiaohongshu.com/explore/6677e7dc000000001d019a2b
6905cc31000000000302e8b3,第15届上海双年展开展倒计时7天！,,53,0,0,53,https://www.xiaohongshu.com/explore/6905cc31000000000302e8b3
691d9afb000000001b025f1a,PSA全新剧场即将揭幕，快来围观首场演出！,,53,0,0,53,https://www.xiaohongshu.com/explore/691d9afb000000001b025f1a
682454ea000000002100115d,5.18国际博物馆日，这个展览免费啦！,,52,0,0,52,https://www.xiaohongshu.com/explore/682454ea000000002100115d
683dce250000000012005b73,建筑师刘克成：贝聿铭达到了“颂”的层次,,52,0,0,52,https://www.xiaohongshu.com/explore/683dce250000000012005b73
686f98200000000012020335,“原生艺术”从何而来？带你一探究竟,,51,0,0,51,https://www.xiaohongshu.com/explore/686f98200000000012020335
685f996f000000001202ec47,心系祖国，贝聿铭做了这样的本科毕设,,51,0,0,51,https://www.xiaohongshu.com/explore/685f996f000000001202ec47
68b19fa0000000001d021d2f,为什么说错过贝聿铭，千万不要错过西扎？,,51,0,0,51,https://www.xiaohongshu.com/explore/68b19fa0000000001d021d2f
66698103000000001c020ccc,美术馆的花园，会长什么样？,,50,0,0,50,https://www.xiaohongshu.com/explore/66698103000000001c020ccc
67fce66d000000000e0074f7,春意盎然！他把儿时在山谷的灵感带到上海,,50,0,0,50,https://www.xiaohongshu.com/explore/67fce66d000000000e0074f7
66852288000000000a027fe0,安奈特·梅莎吉：“杂念”就像一首好听的歌曲,,49,0,0,49,https://www.xiaohongshu.com/explore/66852288000000000a027fe0
695f707a0000000022032d53,"这是八十岁艺术家用10年创作的一座""猪山""⁉️",,49,0,0,49,https://www.xiaohongshu.com/explore/695f707a0000000022032d53
66f8fca8000000002c029594,12周年！我们准备了这些回馈大家,,49,0,0,49,https://www.xiaohongshu.com/explore/66f8fca8000000002c029594
68bffe9d000000001d039cde,成功举办大展&惊喜收获大奖，今年西扎不简单,,49,0,0,49,https://www.xiaohongshu.com/explore/68bffe9d000000001d039cde
6773d6ff000000000b0153f3,我的艺术年终总结｜你想为哪个展喊安可？🗣,,49,0,0,49,https://www.xiaohongshu.com/explore/6773d6ff000000000b0153f3
686d07b0000000001202e6a4,欲约从速｜开在瓦舍上的“剧场”开幕圆桌,,49,0,0,49,https://www.xiaohongshu.com/explore/686d07b0000000001202e6a4
663df53d000000001e01d8e9,他用数百米非常规尺子，引发尺度的另类思考,,49,0,0,49,https://www.xiaohongshu.com/explore/663df53d000000001e01d8e9
68dd1e70000000000303709f,好展我推荐｜第15届上双早鸟票正式开售！,,48,0,0,48,https://www.xiaohongshu.com/explore/68dd1e70000000000303709f
68b6b6ee000000001d02dfa4,“阿尔瓦罗·西扎的档案”闭展倒计时5天！,,47,0,0,47,https://www.xiaohongshu.com/explore/68b6b6ee000000001d02dfa4
67863387000000000b023d8c,蛇年要到了，换这个发型大家觉得如何？,,47,0,0,47,https://www.xiaohongshu.com/explore/67863387000000000b023d8c
66d71b33000000001f015a1e,旧衣服先别扔！带它来变成当代艺术作品！,,47,0,0,47,https://www.xiaohongshu.com/explore/66d71b33000000001f015a1e
696378cc000000002103e824,☀️#追光,,46,0,0,46,https://www.xiaohongshu.com/explore/696378cc000000002103e824
683ef397000000000f0323e6,1+1=100❗️普利兹克奖双子星闪耀PSA,,46,0,0,46,https://www.xiaohongshu.com/explore/683ef397000000000f0323e6
665e7a4c000000000f00e75a,他们设计很多世界名椅，背后竟是这种理念,,46,0,0,46,https://www.xiaohongshu.com/explore/665e7a4c000000000f00e75a
67af1dbc000000001800d36f,闭幕倒计时3天！“刺天”之旅你感受如何？,,45,0,0,45,https://www.xiaohongshu.com/explore/67af1dbc000000001800d36f
69a6ee69000000001b01c7cd,上双｜你是否也被这位关系美学大师圈粉了？,,45,0,0,45,https://www.xiaohongshu.com/explore/69a6ee69000000001b01c7cd
66f28a45000000002c016938,作为一名艺术家，她为何经常转换自己的身份？,,45,0,0,45,https://www.xiaohongshu.com/explore/66f28a45000000002c016938
689c7195000000001d0199d9,他用墙上这只眼睛 ，凝视着柏林墙,,44,0,0,44,https://www.xiaohongshu.com/explore/689c7195000000001d0199d9
6975d701000000002202e52d,👨‍🌾倾听自然，都市人必须体验的治愈之声！,,44,0,0,44,https://www.xiaohongshu.com/explore/6975d701000000002202e52d
679ee87d000000001703ab7b,（内含🎁）蛇年，一起蜕变！,,44,0,0,44,https://www.xiaohongshu.com/explore/679ee87d000000001703ab7b
66bf20140000000005032bc7,她在超现实主义之下，颠覆厌女思想,,44,0,0,44,https://www.xiaohongshu.com/explore/66bf20140000000005032bc7
6996cb5e000000001d012981,新闻坊『闲话上海』王幸老师喊侬看双年展啦！,,43,0,0,43,https://www.xiaohongshu.com/explore/6996cb5e000000001d012981
6883765b0000000012022fb6,夜场开放！可以下班后来看贝聿铭展啦！,,43,0,0,43,https://www.xiaohongshu.com/explore/6883765b0000000012022fb6
675c4e8100000000020356d1,当鞋子走进美术馆｜听你讲述鞋子的艺术漫游,,43,0,0,43,https://www.xiaohongshu.com/explore/675c4e8100000000020356d1
665829390000000015009c8b,超适合过六一儿童节的3D打印创意工坊！,,42,0,0,42,https://www.xiaohongshu.com/explore/665829390000000015009c8b
682da8be0000000012002330,建筑师林兵：贝聿铭是个很忙的人,,42,0,0,42,https://www.xiaohongshu.com/explore/682da8be0000000012002330
6978b87f00000000220232fe,竟然在上双看到了《阿凡达》⁉️（一）,,42,0,0,42,https://www.xiaohongshu.com/explore/6978b87f00000000220232fe
68399757000000000c038ac1,预约从速❗️不可错过的西扎展览开幕圆桌,,42,0,0,42,https://www.xiaohongshu.com/explore/68399757000000000c038ac1
6882308f00000000170358fc,人生建议：弄清楚自己还剩几分“野”很重要,,42,0,0,42,https://www.xiaohongshu.com/explore/6882308f00000000170358fc
67f64fab000000000f038455,TA们“形态各异”，共同绽放于此,,42,0,0,42,https://www.xiaohongshu.com/explore/67f64fab000000000f038455
68932e92000000000500befd,跟你说件可怕的事：贝聿铭展4天后闭幕,,42,0,0,42,https://www.xiaohongshu.com/explore/68932e92000000000500befd
66ceebba000000001f01968b,讲座｜巴西传奇女性建筑师的工厂改建计划,,41,0,0,41,https://www.xiaohongshu.com/explore/66ceebba000000001f01968b
69b2eecf000000001d01262a,👂听见，请起立｜用身体对谈，与影像交流✨,,41,0,0,41,https://www.xiaohongshu.com/explore/69b2eecf000000001d01262a
6836ebdb000000000f038d6b,“看展览是要笑的，一定要笑！”,,40,0,0,40,https://www.xiaohongshu.com/explore/6836ebdb000000000f038d6b
67e3c9d30000000003028e9c,绿色可以是一座“纸教堂”,,40,0,0,40,https://www.xiaohongshu.com/explore/67e3c9d30000000003028e9c
665f1a97000000000f00cc92,PSA新展开幕周活动一览✨,,40,0,0,40,https://www.xiaohongshu.com/explore/665f1a97000000000f00cc92
69bfe5db000000001a02b5fa,他竟能共情蚊子，还把竹蜂的旧巢做成了乐器！,,40,0,0,40,https://www.xiaohongshu.com/explore/69bfe5db000000001a02b5fa
67984848000000001701d8b5,“从山谷中来”，他将在上海缔造梦幻花园🥳,,40,0,0,40,https://www.xiaohongshu.com/explore/67984848000000001701d8b5
67289a9d000000003c01d45f,“时尚宣言”该如何看❓策展人亲自为你介绍,,40,0,0,40,https://www.xiaohongshu.com/explore/67289a9d000000003c01d45f
69a01aba000000001b0168a7,她把艾格妮丝•马丁的画变成了上海四季菜单,,40,0,0,40,https://www.xiaohongshu.com/explore/69a01aba000000001b0168a7
66f543e6000000002c02cff4,看青策展览，别忘记用这个小册子投票！,,39,0,0,39,https://www.xiaohongshu.com/explore/66f543e6000000002c02cff4
69afa707000000001b017901,❤️不让恐惧吞噬灵魂 以爱与联结彼此照亮✨,,39,0,0,39,https://www.xiaohongshu.com/explore/69afa707000000001b017901
677e4a3a0000000017039267,这件作品的声音，正通往宇宙深处,,39,0,0,39,https://www.xiaohongshu.com/explore/677e4a3a0000000017039267
691b0ed2000000000d03cbb8,第15届上双这件出圈之作，不止于美,,38,0,0,38,https://www.xiaohongshu.com/explore/691b0ed2000000000d03cbb8
67bd863f000000000b0147f4,殷漪：《海浪》｜PSA中国当代艺术馆藏,,38,0,0,38,https://www.xiaohongshu.com/explore/67bd863f000000000b0147f4
687a3e7300000000170356db,为什么这个展里《无题》这么多？,,38,0,0,38,https://www.xiaohongshu.com/explore/687a3e7300000000170356db
6859258800000000170368e5,❗️手慢无！暑期一起玩转贝聿铭的几何魔法🔮,,38,0,0,38,https://www.xiaohongshu.com/explore/6859258800000000170368e5
69e8a9d3000000001a023c07,🌍谁把一棵🌳“装进了购物袋”里⁉️,,38,0,0,38,https://www.xiaohongshu.com/explore/69e8a9d3000000001a023c07
68a31ca4000000001d034750,7岁遭父亲遗弃，他用画笔续写人生,,38,0,0,38,https://www.xiaohongshu.com/explore/68a31ca4000000001d034750
66503810000000000f00ee3d,他用数十米高的发光箭头，直指我们赖以生存的地球,,38,0,0,38,https://www.xiaohongshu.com/explore/66503810000000000f00ee3d
6683f2450000000003027838,展览“杂念”开幕倒计时3天｜开幕对谈,,37,0,0,37,https://www.xiaohongshu.com/explore/6683f2450000000003027838
680e09a20000000007035467,听劝！聊聊小红书里很多人好评的这个免费展,,37,0,0,37,https://www.xiaohongshu.com/explore/680e09a20000000007035467
67a72d9e000000001800c5a4,《喊》｜PSA中国当代艺术馆藏,,37,0,0,37,https://www.xiaohongshu.com/explore/67a72d9e000000001800c5a4
68fa055a000000000301c1c1,她以一颗2.8米的球，作为自己的艺术宣言,,36,0,0,36,https://www.xiaohongshu.com/explore/68fa055a000000000301c1c1
6907053b000000000300ea8e,第15届上海双年展开展倒计时6天！,,36,0,0,36,https://www.xiaohongshu.com/explore/6907053b000000000300ea8e
66f7d1dc000000002c02bc7d,12周年！PSA特别活动日玩转指南,,36,0,0,36,https://www.xiaohongshu.com/explore/66f7d1dc000000002c02bc7d
69ba968f00000000210136b1,💕 你是否在上双展厅中，被邀请过一同合唱？,,36,0,0,36,https://www.xiaohongshu.com/explore/69ba968f00000000210136b1
691c474b000000001b024b70,她将声音视作感知世界的传感器,,36,0,0,36,https://www.xiaohongshu.com/explore/691c474b000000001b024b70
6915b3f50000000019026407,来听上双策展人及艺术家聊蜂径与采撷🍯,,36,0,0,36,https://www.xiaohongshu.com/explore/6915b3f50000000019026407
6679831b000000001c034e55,你小时候幻想过坐在毛绒玩具堆里吗？,,35,0,0,35,https://www.xiaohongshu.com/explore/6679831b000000001c034e55
6808901a000000001200cd35,你能一眼认出多少贝聿铭的作品？｜开幕前小测,,34,0,0,34,https://www.xiaohongshu.com/explore/6808901a000000001200cd35
67adbcfd000000001800bc6b,闭展之际，带你回溯尹秀珍的30年创作,,34,0,0,34,https://www.xiaohongshu.com/explore/67adbcfd000000001800bc6b
66d9a350000000002700646a,剩3天！巴西国宝级设计师组合展览即将闭展,,34,0,0,34,https://www.xiaohongshu.com/explore/66d9a350000000002700646a
694d1abf0000000022023ac7,如何与植物展开“合作”？,,34,0,0,34,https://www.xiaohongshu.com/explore/694d1abf0000000022023ac7
67cab9f1000000000903bacd,胡为一：《家》｜PSA中国当代艺术馆藏,,34,0,0,34,https://www.xiaohongshu.com/explore/67cab9f1000000000903bacd
68b58e41000000001d02e244,“阿尔瓦罗·西扎的档案”闭展倒计时6天！,,34,0,0,34,https://www.xiaohongshu.com/explore/68b58e41000000001d02e244
66c5b648000000001f03b4ff,“寿司”竟然变成了椅子？,,34,0,0,34,https://www.xiaohongshu.com/explore/66c5b648000000001f03b4ff
69c72858000000001a02462e,🚌赶上双末班车，赴一场春天之约！🌼🐝,,33,0,0,33,https://www.xiaohongshu.com/explore/69c72858000000001a02462e
69de19b1000000002101161d,🌟走进青策计划2025 打开陈陈陈的自传,,33,0,0,33,https://www.xiaohongshu.com/explore/69de19b1000000002101161d
68666a390000000017030e89,这位女性诗人与西扎关于大海的“对话”,,33,0,0,33,https://www.xiaohongshu.com/explore/68666a390000000017030e89
6762a350000000000900f55e,建筑师会如何制作圣诞树？,,33,0,0,33,https://www.xiaohongshu.com/explore/6762a350000000000900f55e
69453cf6000000000d034abf,这或许是非赏花季的绝佳赏花方式,,33,0,0,33,https://www.xiaohongshu.com/explore/69453cf6000000000d034abf
694e8056000000002103e881,当上双城市项目延伸至延安西路,,33,0,0,33,https://www.xiaohongshu.com/explore/694e8056000000002103e881
69206a49000000001b026da6,她通过陶瓷创作，找寻旧时的城市“人气”,,33,0,0,33,https://www.xiaohongshu.com/explore/69206a49000000001b026da6
69cab642000000001a031bfc,🧬以线为媒，上双四位女性艺术家的创作联结,,32,0,0,32,https://www.xiaohongshu.com/explore/69cab642000000001a031bfc
69c35d3e000000001a023b75,心随声动，跟随音乐人“树”去自然秘境旅行,,32,0,0,32,https://www.xiaohongshu.com/explore/69c35d3e000000001a023b75
663c8bf6000000001e019b31,微信长久没有了你的消息……,,32,0,0,32,https://www.xiaohongshu.com/explore/663c8bf6000000001e019b31
692426af000000001b0316be,展览火热展出中🔥，现场听听TA们的感受,,32,0,0,32,https://www.xiaohongshu.com/explore/692426af000000001b0316be
66965a06000000000d00c59d,讲座 | 嘉柏丽尔·香奈儿的“整体设计”,,32,0,0,32,https://www.xiaohongshu.com/explore/66965a06000000000d00c59d
6937fd55000000001b021958,“青策计划2025”获选方案正式公布！,,32,0,0,32,https://www.xiaohongshu.com/explore/6937fd55000000001b021958
670e2b31000000001402c4f3,快来吹一口气，助力展览开幕！,,31,0,0,31,https://www.xiaohongshu.com/explore/670e2b31000000001402c4f3
66bc75f4000000000901406d,“世界是一个巨大的草台班子”,,31,0,0,31,https://www.xiaohongshu.com/explore/66bc75f4000000000901406d
68e3429a000000000301a053,PSA祝您中秋“月来月美”！,,31,0,0,31,https://www.xiaohongshu.com/explore/68e3429a000000000301a053
68bd2cc0000000001d039173,建筑之夏收官！谢谢你们为西扎续写诗意,,31,0,0,31,https://www.xiaohongshu.com/explore/68bd2cc0000000001d039173
6661a4ec000000001500baed,他从巴西来到上海举办展览，并在上海找灵感,,31,0,0,31,https://www.xiaohongshu.com/explore/6661a4ec000000001500baed
68d692d00000000013029521,中秋在上海的特别惊喜❗️跟着PSA全城寻月🌕,,31,0,0,31,https://www.xiaohongshu.com/explore/68d692d00000000013029521
67c812a9000000001201e5f3,🧚这个春天，艺术属于绿色,,30,0,0,30,https://www.xiaohongshu.com/explore/67c812a9000000001201e5f3
69abfdb500000000150236fd,📷以影像重写归属：看见被剥夺者的生长,,30,0,0,30,https://www.xiaohongshu.com/explore/69abfdb500000000150236fd
695dd4a30000000022020186,🔥哈佛丹下健三教席建筑师国内首讲！,,30,0,0,30,https://www.xiaohongshu.com/explore/695dd4a30000000022020186
692d73eb000000000d03f33b,会“唱歌”的小屋，是他记忆中的居所,,30,0,0,30,https://www.xiaohongshu.com/explore/692d73eb000000000d03f33b
66631b14000000000c01b033,巴西国宝级设计师工作室亚洲首展正式开幕！,,30,0,0,30,https://www.xiaohongshu.com/explore/66631b14000000000c01b033
6943d72c0000000019024ec3,上双工作坊｜在安福路体验拼贴艺术,,30,0,0,30,https://www.xiaohongshu.com/explore/6943d72c0000000019024ec3
69e745c6000000002102eb83,📖「等等」真开了，快约世界读书日圆桌分享❗️,,29,0,0,29,https://www.xiaohongshu.com/explore/69e745c6000000002102eb83
68db762c0000000003020a3e,寻找你的“电场记忆”，赢取上双赠票！,,29,0,0,29,https://www.xiaohongshu.com/explore/68db762c0000000003020a3e
67d12b8c000000000e006da2,（内含🎁）梦核植树节｜种出你的随心所“绿”,,29,0,0,29,https://www.xiaohongshu.com/explore/67d12b8c000000000e006da2
69e5d6ab00000000210103ac,🌿谷雨逢花事｜赴古城公园最美的春日邀约,,28,0,0,28,https://www.xiaohongshu.com/explore/69e5d6ab00000000210103ac
69df904d0000000022001ba1,欢迎进入🧠「LiHi・美丽新脑」未来疗养院❗️,,28,0,0,28,https://www.xiaohongshu.com/explore/69df904d0000000022001ba1
669a0a46000000000a025621,张念为你导赏“杂念”！,,28,0,0,28,https://www.xiaohongshu.com/explore/669a0a46000000000a025621
69b961db000000002102f8f1,🕸️她把人生拆成角色，把欲望织进网里,,28,0,0,28,https://www.xiaohongshu.com/explore/69b961db000000002102f8f1
676d3792000000000b0153ab,🕳️“引蛇出洞”，预告来袭🐍,,28,0,0,28,https://www.xiaohongshu.com/explore/676d3792000000000b0153ab
6740554d000000000203b919,本周闭幕｜“我不做时尚，我就是时尚”,,28,0,0,28,https://www.xiaohongshu.com/explore/6740554d000000000203b919
6639eb28000000001e01f6be,青策获选｜👆打开揭晓你们心心念的结果🎆,,27,0,0,27,https://www.xiaohongshu.com/explore/6639eb28000000001e01f6be
67b5a47600000000030296ae,周啸虎：《集训营》｜PSA中国当代艺术馆藏,,27,0,0,27,https://www.xiaohongshu.com/explore/67b5a47600000000030296ae
69cfc059000000001a03163f,🌿 春和景明 宜踏青 宜看展,,27,0,0,27,https://www.xiaohongshu.com/explore/69cfc059000000001a03163f
694135b0000000000d03f78c,他用作品带领观众探秘西北沙漠的边缘,,26,0,0,26,https://www.xiaohongshu.com/explore/694135b0000000000d03f78c
66f624cc000000002a030792,上海这里多了一个钻帐篷的好玩地方！,,26,0,0,26,https://www.xiaohongshu.com/explore/66f624cc000000002a030792
661a644700000000040182c6,明天，PSA携开年首展“天天问”恢复开馆！,,26,0,0,26,https://www.xiaohongshu.com/explore/661a644700000000040182c6
67591b00000000000103efe6,7位知名中法文化工作者，齐聚上海“思想之夜”,,25,0,0,25,https://www.xiaohongshu.com/explore/67591b00000000000103efe6
6909e3ae000000000300d83a,第15届上海双年展开展倒计时4天！,,25,0,0,25,https://www.xiaohongshu.com/explore/6909e3ae000000000300d83a
69f096d90000000038023fab,游走五月老城厢 来听设计师对话城市肌理,,25,0,0,25,https://www.xiaohongshu.com/explore/69f096d90000000038023fab
674ee1df000000000202ecfa,建筑人士建议今年不要错过这个论坛,,25,0,0,25,https://www.xiaohongshu.com/explore/674ee1df000000000202ecfa
6989b1ae000000001503ae36,🚀青策计划2025：愿你此在2047预告片（上）,,25,0,0,25,https://www.xiaohongshu.com/explore/6989b1ae000000001503ae36
6939780d000000000d00ce0f,就在明晚！5位中法重量级嘉宾深度对话！,,25,0,0,25,https://www.xiaohongshu.com/explore/6939780d000000000d00ce0f
68b1987d000000001d038727,💓来自美术馆里关于爱的故事,,25,0,0,25,https://www.xiaohongshu.com/explore/68b1987d000000001d038727
686e59bc000000001203d17a,欲约从速｜一场圆桌带你重访原生艺术的本源,,25,0,0,25,https://www.xiaohongshu.com/explore/686e59bc000000001203d17a
684bf13c000000000303d262,跟着讲座，探寻Snøhetta的可持续性实践方法,,25,0,0,25,https://www.xiaohongshu.com/explore/684bf13c000000000303d262
67c56494000000000b015fc1,陆春生：《会咳嗽的曲线》,,24,0,0,24,https://www.xiaohongshu.com/explore/67c56494000000000b015fc1
66ac7e81000000000503a247,Aldo Cibic：打动人心的情感才是设计的起点,,24,0,0,24,https://www.xiaohongshu.com/explore/66ac7e81000000000503a247
6670190e000000001c0342ac,400米绳子，如何变成一把世界名椅？,,24,0,0,24,https://www.xiaohongshu.com/explore/6670190e000000001c0342ac
68df540b0000000003036254,这个中秋，来美术馆赴一场“月光茶话会”☕,,24,0,0,24,https://www.xiaohongshu.com/explore/68df540b0000000003036254
68626d7b000000001703217e,当抒情诗人安德拉德的诗遇见西扎的建筑,,24,0,0,24,https://www.xiaohongshu.com/explore/68626d7b000000001703217e
6982c15a000000002203acd0,🐝漫游上海双年展｜导览信息,,24,0,0,24,https://www.xiaohongshu.com/explore/6982c15a000000002203acd0
698b24de000000001b014671,🍎青策计划2025: LiHi·美丽新脑 预告（上）,,24,0,0,24,https://www.xiaohongshu.com/explore/698b24de000000001b014671
67aa182c000000001902cca4,她用AI为每位观众生成一场“星体运动”,,24,0,0,24,https://www.xiaohongshu.com/explore/67aa182c000000001902cca4
66166b580000000004018ab2,新展开幕谈｜“天天问”开展倒计时⏰,,23,0,0,23,https://www.xiaohongshu.com/explore/66166b580000000004018ab2
685e6a260000000017030378,⚠️注意，前往“山谷”的通道48小时后关闭！,,23,0,0,23,https://www.xiaohongshu.com/explore/685e6a260000000017030378
67e5233b0000000003029b68,开幕对谈｜PSA开春新展,,23,0,0,23,https://www.xiaohongshu.com/explore/67e5233b0000000003029b68
68343ef200000000120002c6,建筑师黄文菁：想到贝聿铭，自然想到竹子,,23,0,0,23,https://www.xiaohongshu.com/explore/68343ef200000000120002c6
661d07ba000000001c00b4f2,这位艺术家一开口，惊艳了在场所有人,,23,0,0,23,https://www.xiaohongshu.com/explore/661d07ba000000001c00b4f2
69bd503b0000000021013cc3,PSA三月｜周末工坊活动招募中…,,23,0,0,23,https://www.xiaohongshu.com/explore/69bd503b0000000021013cc3
6630f4fe000000001e02d02b,五一照常开放！来体验这位艺术家的奇妙幻想,,23,0,0,23,https://www.xiaohongshu.com/explore/6630f4fe000000001e02d02b
662251a2000000001c006fb9,“天天问”展览艺术家背后的故事👀,,23,0,0,23,https://www.xiaohongshu.com/explore/662251a2000000001c006fb9
6864f8df0000000017033077,"这个“剧场”, 带你重新认识剧场！",,22,0,0,22,https://www.xiaohongshu.com/explore/6864f8df0000000017033077
68df53f90000000003012dd6,🏮 在南翔古镇，连月亮都带有小笼包味儿？,,22,0,0,22,https://www.xiaohongshu.com/explore/68df53f90000000003012dd6
6620ed7e0000000003023f6f,在地板裂缝中撒上豆子，会发芽吗？,,22,0,0,22,https://www.xiaohongshu.com/explore/6620ed7e0000000003023f6f
67e13ecf000000000e004eec,一个爱种树的孩子，终成国际知名艺术家,,22,0,0,22,https://www.xiaohongshu.com/explore/67e13ecf000000000e004eec
69e350d6000000001a023e98,🚀你更喜欢哪个展？欢迎来青策线下投票！,,22,0,0,22,https://www.xiaohongshu.com/explore/69e350d6000000001a023e98
66ec1a8500000000270076d1,青年、先锋、时尚！本周PSA活动集锦📣,,22,0,0,22,https://www.xiaohongshu.com/explore/66ec1a8500000000270076d1
68df53e10000000003038bab,在人民广场捕捉一只奔跑的月亮🐇,,22,0,0,22,https://www.xiaohongshu.com/explore/68df53e10000000003038bab
66b5e7da000000000d030fd1,巴黎艺术漫游｜足不出沪看巴黎时尚与艺术？,,22,0,0,22,https://www.xiaohongshu.com/explore/66b5e7da000000000d030fd1
6790b6e2000000001902ea57,Hello from Power Station of Art Shanghai,,22,0,0,22,https://www.xiaohongshu.com/explore/6790b6e2000000001902ea57
69e2453a000000002102ff66,🍎你更喜欢哪个展？欢迎来“青策”线下投票！,,21,0,0,21,https://www.xiaohongshu.com/explore/69e2453a000000002102ff66
66bdca3f00000000050394a3,“抽屉是等待开启的未知之匣”,,21,0,0,21,https://www.xiaohongshu.com/explore/66bdca3f00000000050394a3
699acb7e00000000150396b6,🦄焊牢“好彩头” ｜丙午马年・六六大顺❗️,,21,0,0,21,https://www.xiaohongshu.com/explore/699acb7e00000000150396b6
69b3da0e000000002103ab5c,🎁抓住！🌳这个周末，PSA两波〰️ 活动&福利！,,21,0,0,21,https://www.xiaohongshu.com/explore/69b3da0e000000002103ab5c
698ef807000000001b01e753,🚀青策计划2025：愿你此在2047预告片（下）,,21,0,0,21,https://www.xiaohongshu.com/explore/698ef807000000001b01e753
68399c63000000000c03a7b8,六一儿童节，收集你的梦想碎片！,,21,0,0,21,https://www.xiaohongshu.com/explore/68399c63000000000c03a7b8
673da79b0000000002029b45,国际时尚专家云集❗️闭展前不容错过的对话,,20,0,0,20,https://www.xiaohongshu.com/explore/673da79b0000000002029b45
690b26ee0000000003010722,第15届上海双年展开展倒计时3天！,,20,0,0,20,https://www.xiaohongshu.com/explore/690b26ee0000000003010722
698ca919000000001b01ddfc,🚀青策计划2025:愿你此在2047预告片（中）,,20,0,0,20,https://www.xiaohongshu.com/explore/698ca919000000001b01ddfc
699042db0000000015038e6e,以艺术之名，赴上双浪漫之约！💕,,20,0,0,20,https://www.xiaohongshu.com/explore/699042db0000000015038e6e
66aa15e500000000050216e7,这位艺术家的书写，充盈又具穿透力,,20,0,0,20,https://www.xiaohongshu.com/explore/66aa15e500000000050216e7
66a8bde20000000005023548,亲子一日营｜一起打造竹编艺术装置！,,20,0,0,20,https://www.xiaohongshu.com/explore/66a8bde20000000005023548
6993e9ba0000000015030d0c,🔔声起无名，心启新岁！,,19,0,0,19,https://www.xiaohongshu.com/explore/6993e9ba0000000015030d0c
67b85b38000000000602ab9a,鸟头：《新村》｜PSA中国当代艺术馆藏,,19,0,0,19,https://www.xiaohongshu.com/explore/67b85b38000000000602ab9a
66e40027000000002603c8fb,讲座 | 玛丽-劳尔·贝尔纳达：千面女人,,19,0,0,19,https://www.xiaohongshu.com/explore/66e40027000000002603c8fb
669df0920000000003024e60,水边的小屋，竟是一个置物柜！,,19,0,0,19,https://www.xiaohongshu.com/explore/669df0920000000003024e60
67e661bd0000000009014d88,胡项城：《魔法师》｜PSA中国当代艺术馆藏,,19,0,0,19,https://www.xiaohongshu.com/explore/67e661bd0000000009014d88
689b1ef2000000001d024955,在PSA遇见张步花：她的剪纸像会呼吸一样,,19,0,0,19,https://www.xiaohongshu.com/explore/689b1ef2000000001d024955
6969e9d3000000002202355f,🎭你也会给平凡的日常来点戏剧感吗❓,,19,0,0,19,https://www.xiaohongshu.com/explore/6969e9d3000000002202355f
66a37a6600000000050330c8,废弃泡沫也能做一把精美椅子？,,18,0,0,18,https://www.xiaohongshu.com/explore/66a37a6600000000050330c8
68074e86000000000d0148d0,“新文化制作人”第三季“剧场”获选者揭晓！,,18,0,0,18,https://www.xiaohongshu.com/explore/68074e86000000000d0148d0
66acb42d0000000005039546,限量发售，“时尚宣言”纪念版会员卡来了！,,18,0,0,18,https://www.xiaohongshu.com/explore/66acb42d0000000005039546
66a0a6a4000000000d00de60,宣言时代的时尚宣言｜开幕圆桌回放,,18,0,0,18,https://www.xiaohongshu.com/explore/66a0a6a4000000000d00de60
68305c81000000000f0319de,如何理解作品《人居森林》？艺术家自述！,,17,0,0,17,https://www.xiaohongshu.com/explore/68305c81000000000f0319de
68bc3815000000001d02042f,明日闭幕！策展人为你揭开西扎的“昵称”,,17,0,0,17,https://www.xiaohongshu.com/explore/68bc3815000000001d02042f
66cc7327000000001f03acc9,夏日夜场！上海这里有时尚与影像的碰撞💥,,17,0,0,17,https://www.xiaohongshu.com/explore/66cc7327000000001f03acc9
66b1f714000000000d030076,一起来设计嘉柏丽尔·香奈儿的魔都漫游OOTD,,17,0,0,17,https://www.xiaohongshu.com/explore/66b1f714000000000d030076
662f81d1000000001e01bfd5,他是邀请未来人和他一起创作的艺术家,,16,0,0,16,https://www.xiaohongshu.com/explore/662f81d1000000001e01bfd5
6627c5cb000000000d03233d,365件日常用品，竟在美术馆变成了……?!,,16,0,0,16,https://www.xiaohongshu.com/explore/6627c5cb000000000d03233d
69c8f48d000000001a02b39b,🥳在小红书赞和收藏破10万啦！️️,,15,0,0,15,https://www.xiaohongshu.com/explore/69c8f48d000000001a02b39b
664b15f8000000001303f61b,艺术家眼中的蚂蚁，也是艺术家？,,15,0,0,15,https://www.xiaohongshu.com/explore/664b15f8000000001303f61b
66449491000000001e021fdf,“请回答1973” 一对师生跨越半个世纪的问答,,15,0,0,15,https://www.xiaohongshu.com/explore/66449491000000001e021fdf
6682bebf00000000030267a7,冷知识：世界上找不出比它大的淡水鱼了,,14,0,0,14,https://www.xiaohongshu.com/explore/6682bebf00000000030267a7
6697a1cf000000000d00fdff,词与物：坎帕纳设计中的巴西文化,,14,0,0,14,https://www.xiaohongshu.com/explore/6697a1cf000000000d00fdff
697b5b4f00000000220098be,竟然在上双看到了《阿凡达》⁉️（二）,,14,0,0,14,https://www.xiaohongshu.com/explore/697b5b4f00000000220098be
6981d9760000000022033ab2,😃放假来看双年展，魔都学生寒假速码！✅,,14,0,0,14,https://www.xiaohongshu.com/explore/6981d9760000000022033ab2
67d7f08a000000000602a8f1,绿色可以是节能建筑,,14,0,0,14,https://www.xiaohongshu.com/explore/67d7f08a000000000602a8f1
660d44ea000000001b0110c3,抽纪念品🎁｜你的“宇宙电影”回忆是什么？,,12,0,0,12,https://www.xiaohongshu.com/explore/660d44ea000000001b0110c3
6842d435000000000c039ff7,滴🚌城市设计之旅前方到站：PSA,,12,0,0,12,https://www.xiaohongshu.com/explore/6842d435000000000c039ff7
67ff8760000000000903af2a,当“疯狂”的植物唤起“疯狂”的头发,,12,0,0,12,https://www.xiaohongshu.com/explore/67ff8760000000000903af2a
679a0695000000001701d88c,原来，蛇还能这样被拿来创作？🐍,,12,0,0,12,https://www.xiaohongshu.com/explore/679a0695000000001701d88c
660ac949000000001b00f0d6,上海当代艺术博物馆临时闭馆调整公告,,12,0,0,12,https://www.xiaohongshu.com/explore/660ac949000000001b00f0d6
679c962b0000000018005cf9,非同寻常！创作者们竟这样谈蛇🐍,,12,0,0,12,https://www.xiaohongshu.com/explore/679c962b0000000018005cf9
664dca2a000000001303c006,陶泥制作｜为“珐翠马”编织一个梦？,,11,0,0,11,https://www.xiaohongshu.com/explore/664dca2a000000001303c006
6634f03a000000001e01c901,如何观看胡项城的绘画？,,11,0,0,11,https://www.xiaohongshu.com/explore/6634f03a000000001e01c901
673482aa000000003c015b2c,一起来听“上海更衣记”,,11,0,0,11,https://www.xiaohongshu.com/explore/673482aa000000003c015b2c
6995e3820000000015032ff0,🐴马年已到，PSA马力全开等你来！,,11,0,0,11,https://www.xiaohongshu.com/explore/6995e3820000000015032ff0
663b5881000000001e01df72,当传统木雕遇上拓印艺术，会发生什么？,,10,0,0,10,https://www.xiaohongshu.com/explore/663b5881000000001e01df72
66433558000000001e020ddf,🔔叮～来看看怎么制作好看的风铃,,10,0,0,10,https://www.xiaohongshu.com/explore/66433558000000001e020ddf
662a4522000000001c00a039,和艺术家丁立人一起“大话（画）西游”,,10,0,0,10,https://www.xiaohongshu.com/explore/662a4522000000001c00a039
662a436e000000000302372d,🐟鱼坐在椅子上，它在思考什么？,,9,0,0,9,https://www.xiaohongshu.com/explore/662a436e000000000302372d
6993bb3000000000150226ec,🎉在小红书获得的阅读量破100万啦❗️,,9,0,0,9,https://www.xiaohongshu.com/explore/6993bb3000000000150226ec
664c2267000000001500b5c2,你是神？你是石头？你是树根？你是空气？,,9,0,0,9,https://www.xiaohongshu.com/explore/664c2267000000001500b5c2
6655ad01000000000f00c44e,我们需要怎样的共享空间？,,8,0,0,8,https://www.xiaohongshu.com/explore/6655ad01000000000f00c44e
6710e824000000001600ce4f,制作戏服的奇妙体验🥳｜PSA本周活动合集,,7,0,0,7,https://www.xiaohongshu.com/explore/6710e824000000001600ce4f
6658b1210000000015013c29,沈奇岚为你导赏“天天问”,,4,0,0,4,https://www.xiaohongshu.com/explore/6658b1210000000015013c29
